--
-- PostgreSQL database dump
--

\restrict UiSDdw3rbQliL095Fr4Om2r6WKho2iZUbxRxev6Oh9eVQXOGp87oLyCFMbt6vyo

-- Dumped from database version 18.1 (Debian 18.1-1.pgdg12+2)
-- Dumped by pg_dump version 18.3

SET statement_timeout = 0;
SET lock_timeout = 0;
SET idle_in_transaction_session_timeout = 0;
SET transaction_timeout = 0;
SET client_encoding = 'UTF8';
SET standard_conforming_strings = on;
SELECT pg_catalog.set_config('search_path', '', false);
SET check_function_bodies = false;
SET xmloption = content;
SET client_min_messages = warning;
SET row_security = off;

--
-- Name: public; Type: SCHEMA; Schema: -; Owner: gympilot_db_user
--

-- *not* creating schema, since initdb creates it


ALTER SCHEMA public OWNER TO gympilot_db_user;

SET default_tablespace = '';

SET default_table_access_method = heap;

--
-- Name: auth_group; Type: TABLE; Schema: public; Owner: gympilot_db_user
--

CREATE TABLE public.auth_group (
    id integer NOT NULL,
    name character varying(150) NOT NULL
);


ALTER TABLE public.auth_group OWNER TO gympilot_db_user;

--
-- Name: auth_group_id_seq; Type: SEQUENCE; Schema: public; Owner: gympilot_db_user
--

ALTER TABLE public.auth_group ALTER COLUMN id ADD GENERATED BY DEFAULT AS IDENTITY (
    SEQUENCE NAME public.auth_group_id_seq
    START WITH 1
    INCREMENT BY 1
    NO MINVALUE
    NO MAXVALUE
    CACHE 1
);


--
-- Name: auth_group_permissions; Type: TABLE; Schema: public; Owner: gympilot_db_user
--

CREATE TABLE public.auth_group_permissions (
    id bigint NOT NULL,
    group_id integer NOT NULL,
    permission_id integer NOT NULL
);


ALTER TABLE public.auth_group_permissions OWNER TO gympilot_db_user;

--
-- Name: auth_group_permissions_id_seq; Type: SEQUENCE; Schema: public; Owner: gympilot_db_user
--

ALTER TABLE public.auth_group_permissions ALTER COLUMN id ADD GENERATED BY DEFAULT AS IDENTITY (
    SEQUENCE NAME public.auth_group_permissions_id_seq
    START WITH 1
    INCREMENT BY 1
    NO MINVALUE
    NO MAXVALUE
    CACHE 1
);


--
-- Name: auth_permission; Type: TABLE; Schema: public; Owner: gympilot_db_user
--

CREATE TABLE public.auth_permission (
    id integer NOT NULL,
    name character varying(255) NOT NULL,
    content_type_id integer NOT NULL,
    codename character varying(100) NOT NULL
);


ALTER TABLE public.auth_permission OWNER TO gympilot_db_user;

--
-- Name: auth_permission_id_seq; Type: SEQUENCE; Schema: public; Owner: gympilot_db_user
--

ALTER TABLE public.auth_permission ALTER COLUMN id ADD GENERATED BY DEFAULT AS IDENTITY (
    SEQUENCE NAME public.auth_permission_id_seq
    START WITH 1
    INCREMENT BY 1
    NO MINVALUE
    NO MAXVALUE
    CACHE 1
);


--
-- Name: auth_user; Type: TABLE; Schema: public; Owner: gympilot_db_user
--

CREATE TABLE public.auth_user (
    id integer NOT NULL,
    password character varying(128) NOT NULL,
    last_login timestamp with time zone,
    is_superuser boolean NOT NULL,
    username character varying(150) NOT NULL,
    first_name character varying(150) NOT NULL,
    last_name character varying(150) NOT NULL,
    email character varying(254) NOT NULL,
    is_staff boolean NOT NULL,
    is_active boolean NOT NULL,
    date_joined timestamp with time zone NOT NULL
);


ALTER TABLE public.auth_user OWNER TO gympilot_db_user;

--
-- Name: auth_user_groups; Type: TABLE; Schema: public; Owner: gympilot_db_user
--

CREATE TABLE public.auth_user_groups (
    id bigint NOT NULL,
    user_id integer NOT NULL,
    group_id integer NOT NULL
);


ALTER TABLE public.auth_user_groups OWNER TO gympilot_db_user;

--
-- Name: auth_user_groups_id_seq; Type: SEQUENCE; Schema: public; Owner: gympilot_db_user
--

ALTER TABLE public.auth_user_groups ALTER COLUMN id ADD GENERATED BY DEFAULT AS IDENTITY (
    SEQUENCE NAME public.auth_user_groups_id_seq
    START WITH 1
    INCREMENT BY 1
    NO MINVALUE
    NO MAXVALUE
    CACHE 1
);


--
-- Name: auth_user_id_seq; Type: SEQUENCE; Schema: public; Owner: gympilot_db_user
--

ALTER TABLE public.auth_user ALTER COLUMN id ADD GENERATED BY DEFAULT AS IDENTITY (
    SEQUENCE NAME public.auth_user_id_seq
    START WITH 1
    INCREMENT BY 1
    NO MINVALUE
    NO MAXVALUE
    CACHE 1
);


--
-- Name: auth_user_user_permissions; Type: TABLE; Schema: public; Owner: gympilot_db_user
--

CREATE TABLE public.auth_user_user_permissions (
    id bigint NOT NULL,
    user_id integer NOT NULL,
    permission_id integer NOT NULL
);


ALTER TABLE public.auth_user_user_permissions OWNER TO gympilot_db_user;

--
-- Name: auth_user_user_permissions_id_seq; Type: SEQUENCE; Schema: public; Owner: gympilot_db_user
--

ALTER TABLE public.auth_user_user_permissions ALTER COLUMN id ADD GENERATED BY DEFAULT AS IDENTITY (
    SEQUENCE NAME public.auth_user_user_permissions_id_seq
    START WITH 1
    INCREMENT BY 1
    NO MINVALUE
    NO MAXVALUE
    CACHE 1
);


--
-- Name: django_admin_log; Type: TABLE; Schema: public; Owner: gympilot_db_user
--

CREATE TABLE public.django_admin_log (
    id integer NOT NULL,
    action_time timestamp with time zone NOT NULL,
    object_id text,
    object_repr character varying(200) NOT NULL,
    action_flag smallint NOT NULL,
    change_message text NOT NULL,
    content_type_id integer,
    user_id integer NOT NULL,
    CONSTRAINT django_admin_log_action_flag_check CHECK ((action_flag >= 0))
);


ALTER TABLE public.django_admin_log OWNER TO gympilot_db_user;

--
-- Name: django_admin_log_id_seq; Type: SEQUENCE; Schema: public; Owner: gympilot_db_user
--

ALTER TABLE public.django_admin_log ALTER COLUMN id ADD GENERATED BY DEFAULT AS IDENTITY (
    SEQUENCE NAME public.django_admin_log_id_seq
    START WITH 1
    INCREMENT BY 1
    NO MINVALUE
    NO MAXVALUE
    CACHE 1
);


--
-- Name: django_content_type; Type: TABLE; Schema: public; Owner: gympilot_db_user
--

CREATE TABLE public.django_content_type (
    id integer NOT NULL,
    app_label character varying(100) NOT NULL,
    model character varying(100) NOT NULL
);


ALTER TABLE public.django_content_type OWNER TO gympilot_db_user;

--
-- Name: django_content_type_id_seq; Type: SEQUENCE; Schema: public; Owner: gympilot_db_user
--

ALTER TABLE public.django_content_type ALTER COLUMN id ADD GENERATED BY DEFAULT AS IDENTITY (
    SEQUENCE NAME public.django_content_type_id_seq
    START WITH 1
    INCREMENT BY 1
    NO MINVALUE
    NO MAXVALUE
    CACHE 1
);


--
-- Name: django_migrations; Type: TABLE; Schema: public; Owner: gympilot_db_user
--

CREATE TABLE public.django_migrations (
    id bigint NOT NULL,
    app character varying(255) NOT NULL,
    name character varying(255) NOT NULL,
    applied timestamp with time zone NOT NULL
);


ALTER TABLE public.django_migrations OWNER TO gympilot_db_user;

--
-- Name: django_migrations_id_seq; Type: SEQUENCE; Schema: public; Owner: gympilot_db_user
--

ALTER TABLE public.django_migrations ALTER COLUMN id ADD GENERATED BY DEFAULT AS IDENTITY (
    SEQUENCE NAME public.django_migrations_id_seq
    START WITH 1
    INCREMENT BY 1
    NO MINVALUE
    NO MAXVALUE
    CACHE 1
);


--
-- Name: django_session; Type: TABLE; Schema: public; Owner: gympilot_db_user
--

CREATE TABLE public.django_session (
    session_key character varying(40) NOT NULL,
    session_data text NOT NULL,
    expire_date timestamp with time zone NOT NULL
);


ALTER TABLE public.django_session OWNER TO gympilot_db_user;

--
-- Name: gym_gym; Type: TABLE; Schema: public; Owner: gympilot_db_user
--

CREATE TABLE public.gym_gym (
    id bigint NOT NULL,
    name character varying(150) NOT NULL,
    owner_id integer NOT NULL
);


ALTER TABLE public.gym_gym OWNER TO gympilot_db_user;

--
-- Name: gym_gym_id_seq; Type: SEQUENCE; Schema: public; Owner: gympilot_db_user
--

ALTER TABLE public.gym_gym ALTER COLUMN id ADD GENERATED BY DEFAULT AS IDENTITY (
    SEQUENCE NAME public.gym_gym_id_seq
    START WITH 1
    INCREMENT BY 1
    NO MINVALUE
    NO MAXVALUE
    CACHE 1
);


--
-- Name: gym_member; Type: TABLE; Schema: public; Owner: gympilot_db_user
--

CREATE TABLE public.gym_member (
    id bigint NOT NULL,
    name character varying(120) NOT NULL,
    country_code character varying(5) NOT NULL,
    phone character varying(10) NOT NULL,
    join_date date NOT NULL,
    gym_id bigint NOT NULL
);


ALTER TABLE public.gym_member OWNER TO gympilot_db_user;

--
-- Name: gym_member_id_seq; Type: SEQUENCE; Schema: public; Owner: gympilot_db_user
--

ALTER TABLE public.gym_member ALTER COLUMN id ADD GENERATED BY DEFAULT AS IDENTITY (
    SEQUENCE NAME public.gym_member_id_seq
    START WITH 1
    INCREMENT BY 1
    NO MINVALUE
    NO MAXVALUE
    CACHE 1
);


--
-- Name: gym_membershipplan; Type: TABLE; Schema: public; Owner: gympilot_db_user
--

CREATE TABLE public.gym_membershipplan (
    id bigint NOT NULL,
    name character varying(100) NOT NULL,
    price numeric(8,2) NOT NULL,
    duration_months integer NOT NULL,
    gym_id bigint NOT NULL
);


ALTER TABLE public.gym_membershipplan OWNER TO gympilot_db_user;

--
-- Name: gym_membershipplan_id_seq; Type: SEQUENCE; Schema: public; Owner: gympilot_db_user
--

ALTER TABLE public.gym_membershipplan ALTER COLUMN id ADD GENERATED BY DEFAULT AS IDENTITY (
    SEQUENCE NAME public.gym_membershipplan_id_seq
    START WITH 1
    INCREMENT BY 1
    NO MINVALUE
    NO MAXVALUE
    CACHE 1
);


--
-- Name: gym_payment; Type: TABLE; Schema: public; Owner: gympilot_db_user
--

CREATE TABLE public.gym_payment (
    id bigint NOT NULL,
    amount_paid numeric(10,2) NOT NULL,
    payment_date date NOT NULL,
    payment_method character varying(50) NOT NULL,
    subscription_id bigint NOT NULL,
    billing_end date,
    billing_start date
);


ALTER TABLE public.gym_payment OWNER TO gympilot_db_user;

--
-- Name: gym_payment_id_seq; Type: SEQUENCE; Schema: public; Owner: gympilot_db_user
--

ALTER TABLE public.gym_payment ALTER COLUMN id ADD GENERATED BY DEFAULT AS IDENTITY (
    SEQUENCE NAME public.gym_payment_id_seq
    START WITH 1
    INCREMENT BY 1
    NO MINVALUE
    NO MAXVALUE
    CACHE 1
);


--
-- Name: gym_subscription; Type: TABLE; Schema: public; Owner: gympilot_db_user
--

CREATE TABLE public.gym_subscription (
    id bigint NOT NULL,
    start_date date NOT NULL,
    expiry_date date,
    extra_months integer NOT NULL,
    discount_percent numeric(5,2) NOT NULL,
    personal_training_fee numeric(8,2) NOT NULL,
    final_amount numeric(10,2) NOT NULL,
    gym_id bigint NOT NULL,
    member_id bigint NOT NULL,
    plan_id bigint NOT NULL,
    member_code character varying(10) NOT NULL
);


ALTER TABLE public.gym_subscription OWNER TO gympilot_db_user;

--
-- Name: gym_subscription_id_seq; Type: SEQUENCE; Schema: public; Owner: gympilot_db_user
--

ALTER TABLE public.gym_subscription ALTER COLUMN id ADD GENERATED BY DEFAULT AS IDENTITY (
    SEQUENCE NAME public.gym_subscription_id_seq
    START WITH 1
    INCREMENT BY 1
    NO MINVALUE
    NO MAXVALUE
    CACHE 1
);


--
-- Data for Name: auth_group; Type: TABLE DATA; Schema: public; Owner: gympilot_db_user
--

COPY public.auth_group (id, name) FROM stdin;
\.


--
-- Data for Name: auth_group_permissions; Type: TABLE DATA; Schema: public; Owner: gympilot_db_user
--

COPY public.auth_group_permissions (id, group_id, permission_id) FROM stdin;
\.


--
-- Data for Name: auth_permission; Type: TABLE DATA; Schema: public; Owner: gympilot_db_user
--

COPY public.auth_permission (id, name, content_type_id, codename) FROM stdin;
1	Can add log entry	1	add_logentry
2	Can change log entry	1	change_logentry
3	Can delete log entry	1	delete_logentry
4	Can view log entry	1	view_logentry
5	Can add permission	3	add_permission
6	Can change permission	3	change_permission
7	Can delete permission	3	delete_permission
8	Can view permission	3	view_permission
9	Can add group	2	add_group
10	Can change group	2	change_group
11	Can delete group	2	delete_group
12	Can view group	2	view_group
13	Can add user	4	add_user
14	Can change user	4	change_user
15	Can delete user	4	delete_user
16	Can view user	4	view_user
17	Can add content type	5	add_contenttype
18	Can change content type	5	change_contenttype
19	Can delete content type	5	delete_contenttype
20	Can view content type	5	view_contenttype
21	Can add session	6	add_session
22	Can change session	6	change_session
23	Can delete session	6	delete_session
24	Can view session	6	view_session
25	Can add gym	7	add_gym
26	Can change gym	7	change_gym
27	Can delete gym	7	delete_gym
28	Can view gym	7	view_gym
29	Can add member	8	add_member
30	Can change member	8	change_member
31	Can delete member	8	delete_member
32	Can view member	8	view_member
33	Can add membership plan	9	add_membershipplan
34	Can change membership plan	9	change_membershipplan
35	Can delete membership plan	9	delete_membershipplan
36	Can view membership plan	9	view_membershipplan
37	Can add subscription	11	add_subscription
38	Can change subscription	11	change_subscription
39	Can delete subscription	11	delete_subscription
40	Can view subscription	11	view_subscription
41	Can add payment	10	add_payment
42	Can change payment	10	change_payment
43	Can delete payment	10	delete_payment
44	Can view payment	10	view_payment
\.


--
-- Data for Name: auth_user; Type: TABLE DATA; Schema: public; Owner: gympilot_db_user
--

COPY public.auth_user (id, password, last_login, is_superuser, username, first_name, last_name, email, is_staff, is_active, date_joined) FROM stdin;
1	pbkdf2_sha256$1200000$XtCAvLjlNYW5eS7wOfxjQ9$+cW4+g2jal08AxmW/IMfaRn7SelI8QRjgNpIEe/rHDM=	2026-03-01 17:51:40.45991+00	t	rishibala			balarishi213@gmail.com	t	t	2026-03-01 12:40:41.242565+00
2	pbkdf2_sha256$1200000$4qUXep3z1nmHG1GdLWgxqu$GaCIbNKG1Y9rSrewzZwPzoRESoXs7dujEk8H38N6IAk=	2026-03-01 17:55:03.682969+00	f	lithra				f	t	2026-03-01 12:54:29+00
3	pbkdf2_sha256$1200000$qvLn9AwZeWYa9tzZ3mhVry$yaKCw3kqMe4MqVFPkJdCXlYBvFeeFGvPdLdk1r9Z3fk=	2026-03-01 18:19:26.455996+00	f	owner				f	t	2026-03-01 12:55:02.274067+00
\.


--
-- Data for Name: auth_user_groups; Type: TABLE DATA; Schema: public; Owner: gympilot_db_user
--

COPY public.auth_user_groups (id, user_id, group_id) FROM stdin;
\.


--
-- Data for Name: auth_user_user_permissions; Type: TABLE DATA; Schema: public; Owner: gympilot_db_user
--

COPY public.auth_user_user_permissions (id, user_id, permission_id) FROM stdin;
\.


--
-- Data for Name: django_admin_log; Type: TABLE DATA; Schema: public; Owner: gympilot_db_user
--

COPY public.django_admin_log (id, action_time, object_id, object_repr, action_flag, change_message, content_type_id, user_id) FROM stdin;
1	2026-03-01 12:54:32.653061+00	2	lithra	1	[{"added": {}}]	4	1
2	2026-03-01 12:54:39.60528+00	2	lithra	2	[]	4	1
3	2026-03-01 12:55:04.956611+00	3	owner	1	[{"added": {}}]	4	1
4	2026-03-01 12:55:24.305161+00	1	gym1	1	[{"added": {}}]	7	1
5	2026-03-01 12:55:34.440615+00	2	gym2	1	[{"added": {}}]	7	1
\.


--
-- Data for Name: django_content_type; Type: TABLE DATA; Schema: public; Owner: gympilot_db_user
--

COPY public.django_content_type (id, app_label, model) FROM stdin;
1	admin	logentry
2	auth	group
3	auth	permission
4	auth	user
5	contenttypes	contenttype
6	sessions	session
7	gym	gym
8	gym	member
9	gym	membershipplan
10	gym	payment
11	gym	subscription
\.


--
-- Data for Name: django_migrations; Type: TABLE DATA; Schema: public; Owner: gympilot_db_user
--

COPY public.django_migrations (id, app, name, applied) FROM stdin;
1	contenttypes	0001_initial	2026-03-01 12:22:36.671841+00
2	auth	0001_initial	2026-03-01 12:22:37.723084+00
3	admin	0001_initial	2026-03-01 12:22:38.044911+00
4	admin	0002_logentry_remove_auto_add	2026-03-01 12:22:38.092419+00
5	admin	0003_logentry_add_action_flag_choices	2026-03-01 12:22:38.200035+00
6	contenttypes	0002_remove_content_type_name	2026-03-01 12:22:38.422143+00
7	auth	0002_alter_permission_name_max_length	2026-03-01 12:22:38.558885+00
8	auth	0003_alter_user_email_max_length	2026-03-01 12:22:38.714704+00
9	auth	0004_alter_user_username_opts	2026-03-01 12:22:38.789591+00
10	auth	0005_alter_user_last_login_null	2026-03-01 12:22:38.968511+00
11	auth	0006_require_contenttypes_0002	2026-03-01 12:22:39.045048+00
12	auth	0007_alter_validators_add_error_messages	2026-03-01 12:22:39.152168+00
13	auth	0008_alter_user_username_max_length	2026-03-01 12:22:39.330237+00
14	auth	0009_alter_user_last_name_max_length	2026-03-01 12:22:39.48627+00
15	auth	0010_alter_group_name_max_length	2026-03-01 12:22:39.638497+00
16	auth	0011_update_proxy_permissions	2026-03-01 12:22:39.712578+00
17	auth	0012_alter_user_first_name_max_length	2026-03-01 12:22:39.902067+00
18	gym	0001_initial	2026-03-01 12:22:40.905968+00
19	gym	0002_payment_billing_end_payment_billing_start_and_more	2026-03-01 12:22:41.247373+00
20	gym	0003_remove_subscription_one_active_subscription_per_member	2026-03-01 12:22:41.354582+00
21	sessions	0001_initial	2026-03-01 12:22:41.599871+00
\.


--
-- Data for Name: django_session; Type: TABLE DATA; Schema: public; Owner: gympilot_db_user
--

COPY public.django_session (session_key, session_data, expire_date) FROM stdin;
9248u4mp1o8yjzjphm1lkhnpt5zchc2p	.eJxVjDsOwjAQBe_iGlnEu-sklPQ5Q_TWHxxAiZRPhbg7REoB7ZuZ9zI9trX025LmfojmYsicfjdFeKRxB_GO8TbZMI3rPKjdFXvQxXZTTM_r4f4dFCzlW2tgZFcltKIVUWZuBXXytXpCJEFzrn1uKAiTg2srcHYixMpB0UTz_gDmcDfI:1vwl0q:AoG2Juw8ZWuQPGH82SreKsWHE0odG78MChVgf952ipw	2026-03-01 18:55:28.778654+00
29sc751yvdeyo0hwzshyzz38ru04wyoa	.eJxVjDkOwjAQAP_iGlm-D0r6vMFarzc4gBwpTirE35GlFNDOjObNEhx7TUenLS2FXZlml1-WAZ_UhigPaPeV49r2bcl8JPy0nU9rodftbP8GFXodW68FOhIBvC8UrJMxmmi0Q58hquLQWJGdldbp2WO2aGcFQRJoUCFI9vkCwXU3Ig:1vwlO2:xs5rJ6dUx5ZIEYDkDED86T4fTGuL4G6S6cBwlvPqXO8	2026-03-01 19:19:26.778834+00
1l0hiae87g4da165t19y7kvbyjp7syrc	.eJxVjEsOwjAMBe-SNYrcJo0NS_Y9Q5TYDimgVupnhbg7VOoCtm9m3svEtK01bovOcRBzMc6cfrec-KHjDuSexttkeRrXech2V-xBF9tPos_r4f4d1LTUb42Ygb2Ts5bQFBTsAEk9I0II1BIhZ249YXHEUhQCgUBOofOdOmjM-wPWaDdd:1vwgqi:9pj5yMcLWCnhgra4Ee4Dt6d7MZC9LLN0d9YBYlGsE4w	2026-03-01 14:28:44.089722+00
f6zkm19dwp27k0uv3zgpp64om4nn1byj	.eJxVjDkOwjAQAP_iGlm-D0r6vMFarzc4gBwpTirE35GlFNDOjObNEhx7TUenLS2FXZlml1-WAZ_UhigPaPeV49r2bcl8JPy0nU9rodftbP8GFXodW68FOhIBvC8UrJMxmmi0Q58hquLQWJGdldbp2WO2aGcFQRJoUCFI9vkCwXU3Ig:1vwiQp:-5QAzRP_-gP7HRia6E6TFGkCjTXkQh8vv9THeKCPw7U	2026-03-01 16:10:07.400563+00
d9t2zld8axycxdgmgdthnri63n531yrg	.eJxVjDsOwjAQBe_iGln-xhtKes5grddeHECOlE-FuDtYSgHtm5n3EhH3rcZ9LUucsjgLLU6_W0J6lNZBvmO7zZLmti1Tkl2RB13ldc7leTncv4OKa_3WKWQbRpMIFIyek3GAHgYKClEjcShsSbMrjoGCVxmQDZPNphcwiPcH8_k4dA:1vwimt:5bczjMSCk4Z-grVY3VECcdc7A63jYVc6mquFCBYUQJE	2026-03-01 16:32:55.657942+00
z6pi3l3xifp05oiqug4fejlhjx4p2re0	.eJxVjDsOwjAQBe_iGlnEu-sklPQ5Q_TWHxxAiZRPhbg7REoB7ZuZ9zI9trX025LmfojmYsicfjdFeKRxB_GO8TbZMI3rPKjdFXvQxXZTTM_r4f4dFCzlW2tgZFcltKIVUWZuBXXytXpCJEFzrn1uKAiTg2srcHYixMpB0UTz_gDmcDfI:1vwip7:FRBNPq7Yudnlto-JGFCuvyOIuQGOe9V_EoauHdyZ8aI	2026-03-01 16:35:13.312884+00
alc73dx1oi3f6rgvsxgjatjw20crpx4z	.eJxVjDkOwjAQAP_iGlm-D0r6vMFarzc4gBwpTirE35GlFNDOjObNEhx7TUenLS2FXZlml1-WAZ_UhigPaPeV49r2bcl8JPy0nU9rodftbP8GFXodW68FOhIBvC8UrJMxmmi0Q58hquLQWJGdldbp2WO2aGcFQRJoUCFI9vkCwXU3Ig:1vwjQc:7fBvUPdwLegctBXKQGQqNksrh149NitXKBk8hlNDvZw	2026-03-01 17:13:58.408923+00
8ur33qt3xgpphtu181wl0j62df8vmpn3	.eJxVjEEOwiAQRe_C2hA62EJduu8ZyDAzSNVAUtqV8e7apAvd_vfef6mA25rD1mQJM6uLAnX63SLSQ8oO-I7lVjXVsi5z1LuiD9r0VFme18P9O8jY8rcWGrse4tjZ1EcfSQTEmc5jL8mfwQ9MwGCTdZDIjSzoyEv0YgyyDFa9P_xWOM4:1vwjd5:O_PnGhVW2lBuUC8OHfBhgQ71lNl8JA1s3XEL-1Pv2tk	2026-03-01 17:26:51.710208+00
\.


--
-- Data for Name: gym_gym; Type: TABLE DATA; Schema: public; Owner: gympilot_db_user
--

COPY public.gym_gym (id, name, owner_id) FROM stdin;
1	gym1	2
2	gym2	3
\.


--
-- Data for Name: gym_member; Type: TABLE DATA; Schema: public; Owner: gympilot_db_user
--

COPY public.gym_member (id, name, country_code, phone, join_date, gym_id) FROM stdin;
1	RISHI	+91	8987478939	2026-03-01	2
2	VKY	+91	9899389399	2026-03-01	2
3	HEMANTH	+91	9893892992	2026-03-01	2
4	RAJESH	+91	9884298991	2026-03-01	2
5	AKASH	+91	9893892982	2026-03-01	2
6	KUMAR	+91	7837938932	2026-03-01	2
7	BALA	+91	9374383748	2026-03-01	2
8	KAVI	+91	8789288228	2026-03-01	2
9	DIVYA	+91	8774828784	2026-03-01	2
10	ERUL	+91	8884772736	2026-03-01	2
\.


--
-- Data for Name: gym_membershipplan; Type: TABLE DATA; Schema: public; Owner: gympilot_db_user
--

COPY public.gym_membershipplan (id, name, price, duration_months, gym_id) FROM stdin;
2	2 MONTH	2000.00	2	2
3	3 MONTH	3000.00	3	2
4	6 MONTH	5000.00	6	2
5	12 MONTH	10000.00	12	2
1	1 MONTH	1000.00	1	2
\.


--
-- Data for Name: gym_payment; Type: TABLE DATA; Schema: public; Owner: gympilot_db_user
--

COPY public.gym_payment (id, amount_paid, payment_date, payment_method, subscription_id, billing_end, billing_start) FROM stdin;
1	10000.00	2026-03-01	Cash	1	\N	\N
2	0.00	2026-03-01	Cash	10	\N	\N
3	0.00	2026-03-01	Cash	11	\N	\N
4	0.00	2026-03-01	Cash	12	\N	\N
\.


--
-- Data for Name: gym_subscription; Type: TABLE DATA; Schema: public; Owner: gympilot_db_user
--

COPY public.gym_subscription (id, start_date, expiry_date, extra_months, discount_percent, personal_training_fee, final_amount, gym_id, member_id, plan_id, member_code) FROM stdin;
1	2026-02-01	2026-03-03	0	0.00	0.00	1000.00	2	1	1	GP-0001
10	2026-03-01	2026-05-01	0	0.00	0.00	0.00	2	3	2	GP-0002
11	2026-03-01	2027-03-01	0	0.00	0.00	0.00	2	2	5	GP-0003
12	2026-03-01	2026-09-01	0	0.00	0.00	0.00	2	4	4	GP-0004
\.


--
-- Name: auth_group_id_seq; Type: SEQUENCE SET; Schema: public; Owner: gympilot_db_user
--

SELECT pg_catalog.setval('public.auth_group_id_seq', 1, false);


--
-- Name: auth_group_permissions_id_seq; Type: SEQUENCE SET; Schema: public; Owner: gympilot_db_user
--

SELECT pg_catalog.setval('public.auth_group_permissions_id_seq', 1, false);


--
-- Name: auth_permission_id_seq; Type: SEQUENCE SET; Schema: public; Owner: gympilot_db_user
--

SELECT pg_catalog.setval('public.auth_permission_id_seq', 44, true);


--
-- Name: auth_user_groups_id_seq; Type: SEQUENCE SET; Schema: public; Owner: gympilot_db_user
--

SELECT pg_catalog.setval('public.auth_user_groups_id_seq', 1, false);


--
-- Name: auth_user_id_seq; Type: SEQUENCE SET; Schema: public; Owner: gympilot_db_user
--

SELECT pg_catalog.setval('public.auth_user_id_seq', 3, true);


--
-- Name: auth_user_user_permissions_id_seq; Type: SEQUENCE SET; Schema: public; Owner: gympilot_db_user
--

SELECT pg_catalog.setval('public.auth_user_user_permissions_id_seq', 1, false);


--
-- Name: django_admin_log_id_seq; Type: SEQUENCE SET; Schema: public; Owner: gympilot_db_user
--

SELECT pg_catalog.setval('public.django_admin_log_id_seq', 5, true);


--
-- Name: django_content_type_id_seq; Type: SEQUENCE SET; Schema: public; Owner: gympilot_db_user
--

SELECT pg_catalog.setval('public.django_content_type_id_seq', 11, true);


--
-- Name: django_migrations_id_seq; Type: SEQUENCE SET; Schema: public; Owner: gympilot_db_user
--

SELECT pg_catalog.setval('public.django_migrations_id_seq', 21, true);


--
-- Name: gym_gym_id_seq; Type: SEQUENCE SET; Schema: public; Owner: gympilot_db_user
--

SELECT pg_catalog.setval('public.gym_gym_id_seq', 2, true);


--
-- Name: gym_member_id_seq; Type: SEQUENCE SET; Schema: public; Owner: gympilot_db_user
--

SELECT pg_catalog.setval('public.gym_member_id_seq', 10, true);


--
-- Name: gym_membershipplan_id_seq; Type: SEQUENCE SET; Schema: public; Owner: gympilot_db_user
--

SELECT pg_catalog.setval('public.gym_membershipplan_id_seq', 5, true);


--
-- Name: gym_payment_id_seq; Type: SEQUENCE SET; Schema: public; Owner: gympilot_db_user
--

SELECT pg_catalog.setval('public.gym_payment_id_seq', 4, true);


--
-- Name: gym_subscription_id_seq; Type: SEQUENCE SET; Schema: public; Owner: gympilot_db_user
--

SELECT pg_catalog.setval('public.gym_subscription_id_seq', 12, true);


--
-- Name: auth_group auth_group_name_key; Type: CONSTRAINT; Schema: public; Owner: gympilot_db_user
--

ALTER TABLE ONLY public.auth_group
    ADD CONSTRAINT auth_group_name_key UNIQUE (name);


--
-- Name: auth_group_permissions auth_group_permissions_group_id_permission_id_0cd325b0_uniq; Type: CONSTRAINT; Schema: public; Owner: gympilot_db_user
--

ALTER TABLE ONLY public.auth_group_permissions
    ADD CONSTRAINT auth_group_permissions_group_id_permission_id_0cd325b0_uniq UNIQUE (group_id, permission_id);


--
-- Name: auth_group_permissions auth_group_permissions_pkey; Type: CONSTRAINT; Schema: public; Owner: gympilot_db_user
--

ALTER TABLE ONLY public.auth_group_permissions
    ADD CONSTRAINT auth_group_permissions_pkey PRIMARY KEY (id);


--
-- Name: auth_group auth_group_pkey; Type: CONSTRAINT; Schema: public; Owner: gympilot_db_user
--

ALTER TABLE ONLY public.auth_group
    ADD CONSTRAINT auth_group_pkey PRIMARY KEY (id);


--
-- Name: auth_permission auth_permission_content_type_id_codename_01ab375a_uniq; Type: CONSTRAINT; Schema: public; Owner: gympilot_db_user
--

ALTER TABLE ONLY public.auth_permission
    ADD CONSTRAINT auth_permission_content_type_id_codename_01ab375a_uniq UNIQUE (content_type_id, codename);


--
-- Name: auth_permission auth_permission_pkey; Type: CONSTRAINT; Schema: public; Owner: gympilot_db_user
--

ALTER TABLE ONLY public.auth_permission
    ADD CONSTRAINT auth_permission_pkey PRIMARY KEY (id);


--
-- Name: auth_user_groups auth_user_groups_pkey; Type: CONSTRAINT; Schema: public; Owner: gympilot_db_user
--

ALTER TABLE ONLY public.auth_user_groups
    ADD CONSTRAINT auth_user_groups_pkey PRIMARY KEY (id);


--
-- Name: auth_user_groups auth_user_groups_user_id_group_id_94350c0c_uniq; Type: CONSTRAINT; Schema: public; Owner: gympilot_db_user
--

ALTER TABLE ONLY public.auth_user_groups
    ADD CONSTRAINT auth_user_groups_user_id_group_id_94350c0c_uniq UNIQUE (user_id, group_id);


--
-- Name: auth_user auth_user_pkey; Type: CONSTRAINT; Schema: public; Owner: gympilot_db_user
--

ALTER TABLE ONLY public.auth_user
    ADD CONSTRAINT auth_user_pkey PRIMARY KEY (id);


--
-- Name: auth_user_user_permissions auth_user_user_permissions_pkey; Type: CONSTRAINT; Schema: public; Owner: gympilot_db_user
--

ALTER TABLE ONLY public.auth_user_user_permissions
    ADD CONSTRAINT auth_user_user_permissions_pkey PRIMARY KEY (id);


--
-- Name: auth_user_user_permissions auth_user_user_permissions_user_id_permission_id_14a6b632_uniq; Type: CONSTRAINT; Schema: public; Owner: gympilot_db_user
--

ALTER TABLE ONLY public.auth_user_user_permissions
    ADD CONSTRAINT auth_user_user_permissions_user_id_permission_id_14a6b632_uniq UNIQUE (user_id, permission_id);


--
-- Name: auth_user auth_user_username_key; Type: CONSTRAINT; Schema: public; Owner: gympilot_db_user
--

ALTER TABLE ONLY public.auth_user
    ADD CONSTRAINT auth_user_username_key UNIQUE (username);


--
-- Name: django_admin_log django_admin_log_pkey; Type: CONSTRAINT; Schema: public; Owner: gympilot_db_user
--

ALTER TABLE ONLY public.django_admin_log
    ADD CONSTRAINT django_admin_log_pkey PRIMARY KEY (id);


--
-- Name: django_content_type django_content_type_app_label_model_76bd3d3b_uniq; Type: CONSTRAINT; Schema: public; Owner: gympilot_db_user
--

ALTER TABLE ONLY public.django_content_type
    ADD CONSTRAINT django_content_type_app_label_model_76bd3d3b_uniq UNIQUE (app_label, model);


--
-- Name: django_content_type django_content_type_pkey; Type: CONSTRAINT; Schema: public; Owner: gympilot_db_user
--

ALTER TABLE ONLY public.django_content_type
    ADD CONSTRAINT django_content_type_pkey PRIMARY KEY (id);


--
-- Name: django_migrations django_migrations_pkey; Type: CONSTRAINT; Schema: public; Owner: gympilot_db_user
--

ALTER TABLE ONLY public.django_migrations
    ADD CONSTRAINT django_migrations_pkey PRIMARY KEY (id);


--
-- Name: django_session django_session_pkey; Type: CONSTRAINT; Schema: public; Owner: gympilot_db_user
--

ALTER TABLE ONLY public.django_session
    ADD CONSTRAINT django_session_pkey PRIMARY KEY (session_key);


--
-- Name: gym_gym gym_gym_owner_id_key; Type: CONSTRAINT; Schema: public; Owner: gympilot_db_user
--

ALTER TABLE ONLY public.gym_gym
    ADD CONSTRAINT gym_gym_owner_id_key UNIQUE (owner_id);


--
-- Name: gym_gym gym_gym_pkey; Type: CONSTRAINT; Schema: public; Owner: gympilot_db_user
--

ALTER TABLE ONLY public.gym_gym
    ADD CONSTRAINT gym_gym_pkey PRIMARY KEY (id);


--
-- Name: gym_member gym_member_pkey; Type: CONSTRAINT; Schema: public; Owner: gympilot_db_user
--

ALTER TABLE ONLY public.gym_member
    ADD CONSTRAINT gym_member_pkey PRIMARY KEY (id);


--
-- Name: gym_membershipplan gym_membershipplan_pkey; Type: CONSTRAINT; Schema: public; Owner: gympilot_db_user
--

ALTER TABLE ONLY public.gym_membershipplan
    ADD CONSTRAINT gym_membershipplan_pkey PRIMARY KEY (id);


--
-- Name: gym_payment gym_payment_pkey; Type: CONSTRAINT; Schema: public; Owner: gympilot_db_user
--

ALTER TABLE ONLY public.gym_payment
    ADD CONSTRAINT gym_payment_pkey PRIMARY KEY (id);


--
-- Name: gym_subscription gym_subscription_member_code_key; Type: CONSTRAINT; Schema: public; Owner: gympilot_db_user
--

ALTER TABLE ONLY public.gym_subscription
    ADD CONSTRAINT gym_subscription_member_code_key UNIQUE (member_code);


--
-- Name: gym_subscription gym_subscription_pkey; Type: CONSTRAINT; Schema: public; Owner: gympilot_db_user
--

ALTER TABLE ONLY public.gym_subscription
    ADD CONSTRAINT gym_subscription_pkey PRIMARY KEY (id);


--
-- Name: auth_group_name_a6ea08ec_like; Type: INDEX; Schema: public; Owner: gympilot_db_user
--

CREATE INDEX auth_group_name_a6ea08ec_like ON public.auth_group USING btree (name varchar_pattern_ops);


--
-- Name: auth_group_permissions_group_id_b120cbf9; Type: INDEX; Schema: public; Owner: gympilot_db_user
--

CREATE INDEX auth_group_permissions_group_id_b120cbf9 ON public.auth_group_permissions USING btree (group_id);


--
-- Name: auth_group_permissions_permission_id_84c5c92e; Type: INDEX; Schema: public; Owner: gympilot_db_user
--

CREATE INDEX auth_group_permissions_permission_id_84c5c92e ON public.auth_group_permissions USING btree (permission_id);


--
-- Name: auth_permission_content_type_id_2f476e4b; Type: INDEX; Schema: public; Owner: gympilot_db_user
--

CREATE INDEX auth_permission_content_type_id_2f476e4b ON public.auth_permission USING btree (content_type_id);


--
-- Name: auth_user_groups_group_id_97559544; Type: INDEX; Schema: public; Owner: gympilot_db_user
--

CREATE INDEX auth_user_groups_group_id_97559544 ON public.auth_user_groups USING btree (group_id);


--
-- Name: auth_user_groups_user_id_6a12ed8b; Type: INDEX; Schema: public; Owner: gympilot_db_user
--

CREATE INDEX auth_user_groups_user_id_6a12ed8b ON public.auth_user_groups USING btree (user_id);


--
-- Name: auth_user_user_permissions_permission_id_1fbb5f2c; Type: INDEX; Schema: public; Owner: gympilot_db_user
--

CREATE INDEX auth_user_user_permissions_permission_id_1fbb5f2c ON public.auth_user_user_permissions USING btree (permission_id);


--
-- Name: auth_user_user_permissions_user_id_a95ead1b; Type: INDEX; Schema: public; Owner: gympilot_db_user
--

CREATE INDEX auth_user_user_permissions_user_id_a95ead1b ON public.auth_user_user_permissions USING btree (user_id);


--
-- Name: auth_user_username_6821ab7c_like; Type: INDEX; Schema: public; Owner: gympilot_db_user
--

CREATE INDEX auth_user_username_6821ab7c_like ON public.auth_user USING btree (username varchar_pattern_ops);


--
-- Name: django_admin_log_content_type_id_c4bce8eb; Type: INDEX; Schema: public; Owner: gympilot_db_user
--

CREATE INDEX django_admin_log_content_type_id_c4bce8eb ON public.django_admin_log USING btree (content_type_id);


--
-- Name: django_admin_log_user_id_c564eba6; Type: INDEX; Schema: public; Owner: gympilot_db_user
--

CREATE INDEX django_admin_log_user_id_c564eba6 ON public.django_admin_log USING btree (user_id);


--
-- Name: django_session_expire_date_a5c62663; Type: INDEX; Schema: public; Owner: gympilot_db_user
--

CREATE INDEX django_session_expire_date_a5c62663 ON public.django_session USING btree (expire_date);


--
-- Name: django_session_session_key_c0390e0f_like; Type: INDEX; Schema: public; Owner: gympilot_db_user
--

CREATE INDEX django_session_session_key_c0390e0f_like ON public.django_session USING btree (session_key varchar_pattern_ops);


--
-- Name: gym_member_gym_id_e19a9642; Type: INDEX; Schema: public; Owner: gympilot_db_user
--

CREATE INDEX gym_member_gym_id_e19a9642 ON public.gym_member USING btree (gym_id);


--
-- Name: gym_membershipplan_gym_id_6832aa38; Type: INDEX; Schema: public; Owner: gympilot_db_user
--

CREATE INDEX gym_membershipplan_gym_id_6832aa38 ON public.gym_membershipplan USING btree (gym_id);


--
-- Name: gym_payment_subscription_id_22713beb; Type: INDEX; Schema: public; Owner: gympilot_db_user
--

CREATE INDEX gym_payment_subscription_id_22713beb ON public.gym_payment USING btree (subscription_id);


--
-- Name: gym_subscription_gym_id_9304acfb; Type: INDEX; Schema: public; Owner: gympilot_db_user
--

CREATE INDEX gym_subscription_gym_id_9304acfb ON public.gym_subscription USING btree (gym_id);


--
-- Name: gym_subscription_member_code_dc8422c6_like; Type: INDEX; Schema: public; Owner: gympilot_db_user
--

CREATE INDEX gym_subscription_member_code_dc8422c6_like ON public.gym_subscription USING btree (member_code varchar_pattern_ops);


--
-- Name: gym_subscription_member_id_489725ed; Type: INDEX; Schema: public; Owner: gympilot_db_user
--

CREATE INDEX gym_subscription_member_id_489725ed ON public.gym_subscription USING btree (member_id);


--
-- Name: gym_subscription_plan_id_31cb37e7; Type: INDEX; Schema: public; Owner: gympilot_db_user
--

CREATE INDEX gym_subscription_plan_id_31cb37e7 ON public.gym_subscription USING btree (plan_id);


--
-- Name: auth_group_permissions auth_group_permissio_permission_id_84c5c92e_fk_auth_perm; Type: FK CONSTRAINT; Schema: public; Owner: gympilot_db_user
--

ALTER TABLE ONLY public.auth_group_permissions
    ADD CONSTRAINT auth_group_permissio_permission_id_84c5c92e_fk_auth_perm FOREIGN KEY (permission_id) REFERENCES public.auth_permission(id) DEFERRABLE INITIALLY DEFERRED;


--
-- Name: auth_group_permissions auth_group_permissions_group_id_b120cbf9_fk_auth_group_id; Type: FK CONSTRAINT; Schema: public; Owner: gympilot_db_user
--

ALTER TABLE ONLY public.auth_group_permissions
    ADD CONSTRAINT auth_group_permissions_group_id_b120cbf9_fk_auth_group_id FOREIGN KEY (group_id) REFERENCES public.auth_group(id) DEFERRABLE INITIALLY DEFERRED;


--
-- Name: auth_permission auth_permission_content_type_id_2f476e4b_fk_django_co; Type: FK CONSTRAINT; Schema: public; Owner: gympilot_db_user
--

ALTER TABLE ONLY public.auth_permission
    ADD CONSTRAINT auth_permission_content_type_id_2f476e4b_fk_django_co FOREIGN KEY (content_type_id) REFERENCES public.django_content_type(id) DEFERRABLE INITIALLY DEFERRED;


--
-- Name: auth_user_groups auth_user_groups_group_id_97559544_fk_auth_group_id; Type: FK CONSTRAINT; Schema: public; Owner: gympilot_db_user
--

ALTER TABLE ONLY public.auth_user_groups
    ADD CONSTRAINT auth_user_groups_group_id_97559544_fk_auth_group_id FOREIGN KEY (group_id) REFERENCES public.auth_group(id) DEFERRABLE INITIALLY DEFERRED;


--
-- Name: auth_user_groups auth_user_groups_user_id_6a12ed8b_fk_auth_user_id; Type: FK CONSTRAINT; Schema: public; Owner: gympilot_db_user
--

ALTER TABLE ONLY public.auth_user_groups
    ADD CONSTRAINT auth_user_groups_user_id_6a12ed8b_fk_auth_user_id FOREIGN KEY (user_id) REFERENCES public.auth_user(id) DEFERRABLE INITIALLY DEFERRED;


--
-- Name: auth_user_user_permissions auth_user_user_permi_permission_id_1fbb5f2c_fk_auth_perm; Type: FK CONSTRAINT; Schema: public; Owner: gympilot_db_user
--

ALTER TABLE ONLY public.auth_user_user_permissions
    ADD CONSTRAINT auth_user_user_permi_permission_id_1fbb5f2c_fk_auth_perm FOREIGN KEY (permission_id) REFERENCES public.auth_permission(id) DEFERRABLE INITIALLY DEFERRED;


--
-- Name: auth_user_user_permissions auth_user_user_permissions_user_id_a95ead1b_fk_auth_user_id; Type: FK CONSTRAINT; Schema: public; Owner: gympilot_db_user
--

ALTER TABLE ONLY public.auth_user_user_permissions
    ADD CONSTRAINT auth_user_user_permissions_user_id_a95ead1b_fk_auth_user_id FOREIGN KEY (user_id) REFERENCES public.auth_user(id) DEFERRABLE INITIALLY DEFERRED;


--
-- Name: django_admin_log django_admin_log_content_type_id_c4bce8eb_fk_django_co; Type: FK CONSTRAINT; Schema: public; Owner: gympilot_db_user
--

ALTER TABLE ONLY public.django_admin_log
    ADD CONSTRAINT django_admin_log_content_type_id_c4bce8eb_fk_django_co FOREIGN KEY (content_type_id) REFERENCES public.django_content_type(id) DEFERRABLE INITIALLY DEFERRED;


--
-- Name: django_admin_log django_admin_log_user_id_c564eba6_fk_auth_user_id; Type: FK CONSTRAINT; Schema: public; Owner: gympilot_db_user
--

ALTER TABLE ONLY public.django_admin_log
    ADD CONSTRAINT django_admin_log_user_id_c564eba6_fk_auth_user_id FOREIGN KEY (user_id) REFERENCES public.auth_user(id) DEFERRABLE INITIALLY DEFERRED;


--
-- Name: gym_gym gym_gym_owner_id_20bdcef0_fk_auth_user_id; Type: FK CONSTRAINT; Schema: public; Owner: gympilot_db_user
--

ALTER TABLE ONLY public.gym_gym
    ADD CONSTRAINT gym_gym_owner_id_20bdcef0_fk_auth_user_id FOREIGN KEY (owner_id) REFERENCES public.auth_user(id) DEFERRABLE INITIALLY DEFERRED;


--
-- Name: gym_member gym_member_gym_id_e19a9642_fk_gym_gym_id; Type: FK CONSTRAINT; Schema: public; Owner: gympilot_db_user
--

ALTER TABLE ONLY public.gym_member
    ADD CONSTRAINT gym_member_gym_id_e19a9642_fk_gym_gym_id FOREIGN KEY (gym_id) REFERENCES public.gym_gym(id) DEFERRABLE INITIALLY DEFERRED;


--
-- Name: gym_membershipplan gym_membershipplan_gym_id_6832aa38_fk_gym_gym_id; Type: FK CONSTRAINT; Schema: public; Owner: gympilot_db_user
--

ALTER TABLE ONLY public.gym_membershipplan
    ADD CONSTRAINT gym_membershipplan_gym_id_6832aa38_fk_gym_gym_id FOREIGN KEY (gym_id) REFERENCES public.gym_gym(id) DEFERRABLE INITIALLY DEFERRED;


--
-- Name: gym_payment gym_payment_subscription_id_22713beb_fk_gym_subscription_id; Type: FK CONSTRAINT; Schema: public; Owner: gympilot_db_user
--

ALTER TABLE ONLY public.gym_payment
    ADD CONSTRAINT gym_payment_subscription_id_22713beb_fk_gym_subscription_id FOREIGN KEY (subscription_id) REFERENCES public.gym_subscription(id) DEFERRABLE INITIALLY DEFERRED;


--
-- Name: gym_subscription gym_subscription_gym_id_9304acfb_fk_gym_gym_id; Type: FK CONSTRAINT; Schema: public; Owner: gympilot_db_user
--

ALTER TABLE ONLY public.gym_subscription
    ADD CONSTRAINT gym_subscription_gym_id_9304acfb_fk_gym_gym_id FOREIGN KEY (gym_id) REFERENCES public.gym_gym(id) DEFERRABLE INITIALLY DEFERRED;


--
-- Name: gym_subscription gym_subscription_member_id_489725ed_fk_gym_member_id; Type: FK CONSTRAINT; Schema: public; Owner: gympilot_db_user
--

ALTER TABLE ONLY public.gym_subscription
    ADD CONSTRAINT gym_subscription_member_id_489725ed_fk_gym_member_id FOREIGN KEY (member_id) REFERENCES public.gym_member(id) DEFERRABLE INITIALLY DEFERRED;


--
-- Name: gym_subscription gym_subscription_plan_id_31cb37e7_fk_gym_membershipplan_id; Type: FK CONSTRAINT; Schema: public; Owner: gympilot_db_user
--

ALTER TABLE ONLY public.gym_subscription
    ADD CONSTRAINT gym_subscription_plan_id_31cb37e7_fk_gym_membershipplan_id FOREIGN KEY (plan_id) REFERENCES public.gym_membershipplan(id) DEFERRABLE INITIALLY DEFERRED;


--
-- Name: DEFAULT PRIVILEGES FOR SEQUENCES; Type: DEFAULT ACL; Schema: -; Owner: postgres
--

ALTER DEFAULT PRIVILEGES FOR ROLE postgres GRANT ALL ON SEQUENCES TO gympilot_db_user;


--
-- Name: DEFAULT PRIVILEGES FOR TYPES; Type: DEFAULT ACL; Schema: -; Owner: postgres
--

ALTER DEFAULT PRIVILEGES FOR ROLE postgres GRANT ALL ON TYPES TO gympilot_db_user;


--
-- Name: DEFAULT PRIVILEGES FOR FUNCTIONS; Type: DEFAULT ACL; Schema: -; Owner: postgres
--

ALTER DEFAULT PRIVILEGES FOR ROLE postgres GRANT ALL ON FUNCTIONS TO gympilot_db_user;


--
-- Name: DEFAULT PRIVILEGES FOR TABLES; Type: DEFAULT ACL; Schema: -; Owner: postgres
--

ALTER DEFAULT PRIVILEGES FOR ROLE postgres GRANT ALL ON TABLES TO gympilot_db_user;


--
-- PostgreSQL database dump complete
--

\unrestrict UiSDdw3rbQliL095Fr4Om2r6WKho2iZUbxRxev6Oh9eVQXOGp87oLyCFMbt6vyo

